Workbook

Sheet Генерация (МВт·ч)
A1: Генерация (МВт*ч)
A2: ДАННЫЕ ПОЛНЫЕ. 01.09.2026 — 30.09.2026. Europe/Moscow. Факт.
A3: Энергия за час, МВт·ч. ВСЕГО — сумма 7 ОЭС. Итоги с пропусками не рассчитываются.
A4: Дата | B4: Час начала | C4: С-Запад | D4: Центр | E4: Юг | F4: Ср. Волга | G4: Урал | H4: Сибирь | I4: Восток | J4: ВСЕГО
A5: 46266 | B5: 0 | C5: 10734 | D5: 22221 | E5: 10797 | F5: 10654 | G5: 21942 | H5: 21448 | I5: 4722 | J5: =IF(COUNT(C5:I5)=7,SUM(C5:I5),"") -> 102518
A6: 46266 | B6: 1 | C6: 10463 | D6: 21853 | E6: 10986 | F6: 10429 | G6: 20893 | H6: 21713 | I6: 5024 | J6: =IF(COUNT(C6:I6)=7,SUM(C6:I6),"") -> 101361
A7: 46266 | B7: 2 | C7: 10390 | D7: 21710 | E7: 10965 | F7: 10641 | G7: 20639 | H7: 22048 | I7: 5096 | J7: =IF(COUNT(C7:I7)=7,SUM(C7:I7),"") -> 101489
A8: 46266 | B8: 3 | C8: 10404 | D8: 21630 | E8: 10666 | F8: 10363 | G8: 21269 | H8: 22007 | I8: 5057 | J8: =IF(COUNT(C8:I8)=7,SUM(C8:I8),"") -> 101396
A9: 46266 | B9: 4 | C9: 10442 | D9: 21634 | E9: 11195 | F9: 11083 | G9: 21866 | H9: 22957 | I9: 4998 | J9: =IF(COUNT(C9:I9)=7,SUM(C9:I9),"") -> 104175
A10: 46266 | B10: 5 | C10: 10394 | D10: 21690 | E10: 11246 | F10: 11379 | G10: 24349 | H10: 22870 | I10: 5051 | J10: =IF(COUNT(C10:I10)=7,SUM(C10:I10),"") -> 106979
A11: 46266 | B11: 6 | C11: 10718 | D11: 23327 | E11: 12280 | F11: 11817 | G11: 26740 | H11: 22980 | I11: 5113 | J11: =IF(COUNT(C11:I11)=7,SUM(C11:I11),"") -> 112975
A12: 46266 | B12: 7 | C12: 11213 | D12: 25560 | E12: 11830 | F12: 12339 | G12: 28061 | H12: 22635 | I12: 5037 | J12: =IF(COUNT(C12:I12)=7,SUM(C12:I12),"") -> 116675
A13: 46266 | B13: 8 | C13: 11396 | D13: 26843 | E13: 13227 | F13: 12671 | G13: 28412 | H13: 23337 | I13: 5051 | J13: =IF(COUNT(C13:I13)=7,SUM(C13:I13),"") -> 120937
A14: 46266 | B14: 9 | C14: 11517 | D14: 26779 | E14: 14138 | F14: 13133 | G14: 27553 | H14: 23480 | I14: 5019 | J14: =IF(COUNT(C14:I14)=7,SUM(C14:I14),"") -> 121619
A15: 46266 | B15: 10 | C15: 11895 | D15: 27155 | E15: 13798 | F15: 13275 | G15: 27070 | H15: 23651 | I15: 5087 | J15: =IF(COUNT(C15:I15)=7,SUM(C15:I15),"") -> 121931
A16: 46266 | B16: 11 | C16: 11617 | D16: 27092 | E16: 13710 | F16: 13047 | G16: 27471 | H16: 23086 | I16: 5121 | J16: =IF(COUNT(C16:I16)=7,SUM(C16:I16),"") -> 121144
... A724: 46295 | B724: 23 | C724: 11875 | D724: 23844 | E724: 10838 | F724: 10564 | G724: 24534 | H724: 23170 | I724: 5155 | J724: =IF(COUNT(C724:I724)=7,SUM(C724:I724),"") -> 109980
A725: Итого за месяц | C725: =IF(COUNT(C5:C724)=720,SUM(C5:C724),"") -> 8221085 | D725: =IF(COUNT(D5:D724)=720,SUM(D5:D724),"") -> 18375091 | E725: =IF(COUNT(E5:E724)=720,SUM(E5:E724),"") -> 8822411 | F725: =IF(COUNT(F5:F724)=720,SUM(F5:F724),"") -> 8531864 | G725: =IF(COUNT(G5:G724)=720,SUM(G5:G724),"") -> 19147818 | H725: =IF(COUNT(H5:H724)=720,SUM(H5:H724),"") -> 17322306 | I725: =IF(COUNT(I5:I724)=720,SUM(I5:I724),"") -> 3586726 | J725: =IF(COUNT(C725:I725)=7,SUM(C725:I725),"") -> 84007301

Sheet Потребление (МВт·ч)
A1: Потребление (МВт*ч)
A2: ДАННЫЕ ПОЛНЫЕ. 01.09.2026 — 30.09.2026. Europe/Moscow. Факт.
A3: Энергия за час, МВт·ч. ВСЕГО — сумма 7 ОЭС. Итоги с пропусками не рассчитываются.
A4: Дата | B4: Час начала | C4: С-Запад | D4: Центр | E4: Юг | F4: Ср. Волга | G4: Урал | H4: Сибирь | I4: Восток | J4: ВСЕГО
A5: 46266 | B5: 0 | C5: 9071 | D5: 23640 | E5: 9772 | F5: 10540 | G5: 23493 | H5: 21504 | I5: 4729 | J5: =IF(COUNT(C5:I5)=7,SUM(C5:I5),"") -> 102749
A6: 46266 | B6: 1 | C6: 8752 | D6: 22943 | E6: 9392 | F6: 10428 | G6: 23352 | H6: 21737 | I6: 5022 | J6: =IF(COUNT(C6:I6)=7,SUM(C6:I6),"") -> 101626
A7: 46266 | B7: 2 | C7: 8581 | D7: 22561 | E7: 9181 | F7: 10517 | G7: 23414 | H7: 22574 | I7: 5078 | J7: =IF(COUNT(C7:I7)=7,SUM(C7:I7),"") -> 101906
A8: 46266 | B8: 3 | C8: 8464 | D8: 22326 | E8: 9271 | F8: 10331 | G8: 23565 | H8: 22898 | I8: 5078 | J8: =IF(COUNT(C8:I8)=7,SUM(C8:I8),"") -> 101933
A9: 46266 | B9: 4 | C9: 8564 | D9: 22716 | E9: 9233 | F9: 10477 | G9: 24626 | H9: 23578 | I9: 5018 | J9: =IF(COUNT(C9:I9)=7,SUM(C9:I9),"") -> 104212
A10: 46266 | B10: 5 | C10: 8664 | D10: 23353 | E10: 9571 | F10: 11053 | G10: 25360 | H10: 23691 | I10: 5051 | J10: =IF(COUNT(C10:I10)=7,SUM(C10:I10),"") -> 106743
A11: 46266 | B11: 6 | C11: 9180 | D11: 25331 | E11: 10523 | F11: 12064 | G11: 26779 | H11: 23577 | I11: 5107 | J11: =IF(COUNT(C11:I11)=7,SUM(C11:I11),"") -> 112561
A12: 46266 | B12: 7 | C12: 9803 | D12: 26913 | E12: 11453 | F12: 12787 | G12: 26808 | H12: 23534 | I12: 5022 | J12: =IF(COUNT(C12:I12)=7,SUM(C12:I12),"") -> 116320
A13: 46266 | B13: 8 | C13: 10300 | D13: 28830 | E13: 12297 | F13: 13086 | G13: 27100 | H13: 24007 | I13: 5042 | J13: =IF(COUNT(C13:I13)=7,SUM(C13:I13),"") -> 120662
A14: 46266 | B14: 9 | C14: 10516 | D14: 29476 | E14: 12709 | F14: 13236 | G14: 26734 | H14: 24094 | I14: 5011 | J14: =IF(COUNT(C14:I14)=7,SUM(C14:I14),"") -> 121776
A15: 46266 | B15: 10 | C15: 10652 | D15: 29660 | E15: 12815 | F15: 13145 | G15: 26732 | H15: 24147 | I15: 5053 | J15: =IF(COUNT(C15:I15)=7,SUM(C15:I15),"") -> 122204
A16: 46266 | B16: 11 | C16: 10564 | D16: 29565 | E16: 13076 | F16: 13077 | G16: 26674 | H16: 23574 | I16: 5133 | J16: =IF(COUNT(C16:I16)=7,SUM(C16:I16),"") -> 121663
... A724: 46295 | B724: 23 | C724: 10141 | D724: 26160 | E724: 10470 | F724: 10819 | G724: 23818 | H724: 23606 | I724: 5163 | J724: =IF(COUNT(C724:I724)=7,SUM(C724:I724),"") -> 110177
A725: Итого за месяц | C725: =IF(COUNT(C5:C724)=720,SUM(C5:C724),"") -> 7428947 | D725: =IF(COUNT(D5:D724)=720,SUM(D5:D724),"") -> 19750492 | E725: =IF(COUNT(E5:E724)=720,SUM(E5:E724),"") -> 8193576 | F725: =IF(COUNT(F5:F724)=720,SUM(F5:F724),"") -> 8658309 | G725: =IF(COUNT(G5:G724)=720,SUM(G5:G724),"") -> 18432656 | H725: =IF(COUNT(H5:H724)=720,SUM(H5:H724),"") -> 17333667 | I725: =IF(COUNT(I5:I724)=720,SUM(I5:I724),"") -> 3575893 | J725: =IF(COUNT(C725:I725)=7,SUM(C725:I725),"") -> 83373540

Sheet Среднее ИБР (руб. за МВт·ч)
A1: Среднее ИБР (руб./МВт*ч)
A2: НЕПОЛНЫЕ ДАННЫЕ ИБР: 720 цен не опубликованы источником. Интервалы загружены. 01.09.2026 — 30.09.2026. Europe/Moscow. Факт.
A3: Вес: фактическое потребление. ИБР = Σ(цена × вес) / Σ(вес), аналитическое допущение. J — все 7 ОЭС; K:N — только опубликованные цены, иной охват.
A4: Дата | B4: Час начала | C4: С-Запад | D4: Центр | E4: Юг | F4: Ср. Волга | G4: Урал | H4: Сибирь | I4: Восток | J4: Все 7 ОЭС | K4: По опубликованным: взвешенное | L4: По опубликованным: простое | M4: Цен, шт. | N4: Покрытие веса
A5: 46266 | B5: 0 | C5: 895.9458 | D5: 929.5288 | E5: 224.70638 | F5: 1030.4954 | G5: 1523.9493 | H5: 832.1989 | J5: =IF(AND(COUNT(C5:I5)=7,COUNT('Потребление (МВт·ч)'!C5:I5)=7,SUM('Потребление (МВт·ч)'!C5:I5)>0),SUMPRODUCT(C5:I5,'Потребление (МВт·ч)'!C5:I5)/SUM('Потребление (МВт·ч)'!C5:I5),"") | K5: =IF(SUMIF(C5:I5,"<>",'Потребление (МВт·ч)'!C5:I5)>0,SUMPRODUCT(C5:I5,'Потребление (МВт·ч)'!C5:I5)/SUMIF(C5:I5,"<>",'Потребление (МВт·ч)'!C5:I5),"") -> 988.12675 | L5: =IF(COUNT(C5:I5)>0,AVERAGE(C5:I5),"") -> 906.13743 | M5: =COUNT(C5:I5) -> 6 | N5: =IF(AND(COUNT('Потребление (МВт·ч)'!C5:I5)=7,SUM('Потребление (МВт·ч)'!C5:I5)>0),SUMIF(C5:I5,"<>",'Потребление (МВт·ч)'!C5:I5)/SUM('Потребление (МВт·ч)'!C5:I5),"") -> 0.95397522
A6: 46266 | B6: 1 | C6: 545.28955 | D6: 494.10376 | E6: 117.8416 | F6: 678.2382 | G6: 1184.5363 | H6: 594.1438 | J6: =IF(AND(COUNT(C6:I6)=7,COUNT('Потребление (МВт·ч)'!C6:I6)=7,SUM('Потребление (МВт·ч)'!C6:I6)>0),SUMPRODUCT(C6:I6,'Потребление (МВт·ч)'!C6:I6)/SUM('Потребление (МВт·ч)'!C6:I6),"") | K6: =IF(SUMIF(C6:I6,"<>",'Потребление (МВт·ч)'!C6:I6)>0,SUMPRODUCT(C6:I6,'Потребление (МВт·ч)'!C6:I6)/SUMIF(C6:I6,"<>",'Потребление (МВт·ч)'!C6:I6),"") -> 671.44453 | L6: =IF(COUNT(C6:I6)>0,AVERAGE(C6:I6),"") -> 602.35886 | M6: =COUNT(C6:I6) -> 6 | N6: =IF(AND(COUNT('Потребление (МВт·ч)'!C6:I6)=7,SUM('Потребление (МВт·ч)'!C6:I6)>0),SUMIF(C6:I6,"<>",'Потребление (МВт·ч)'!C6:I6)/SUM('Потребление (МВт·ч)'!C6:I6),"") -> 0.95058351
A7: 46266 | B7: 2 | C7: 237.20555 | D7: 427.4542 | E7: 320.9205 | F7: 843.0595 | G7: 1168.004 | H7: 591.9454 | J7: =IF(AND(COUNT(C7:I7)=7,COUNT('Потребление (МВт·ч)'!C7:I7)=7,SUM('Потребление (МВт·ч)'!C7:I7)>0),SUMPRODUCT(C7:I7,'Потребление (МВт·ч)'!C7:I7)/SUM('Потребление (МВт·ч)'!C7:I7),"") | K7: =IF(SUMIF(C7:I7,"<>",'Потребление (МВт·ч)'!C7:I7)>0,SUMPRODUCT(C7:I7,'Потребление (МВт·ч)'!C7:I7)/SUMIF(C7:I7,"<>",'Потребление (МВт·ч)'!C7:I7),"") -> 663.05515 | L7: =IF(COUNT(C7:I7)>0,AVERAGE(C7:I7),"") -> 598.09819 | M7: =COUNT(C7:I7) -> 6 | N7: =IF(AND(COUNT('Потребление (МВт·ч)'!C7:I7)=7,SUM('Потребление (МВт·ч)'!C7:I7)>0),SUMIF(C7:I7,"<>",'Потребление (МВт·ч)'!C7:I7)/SUM('Потребление (МВт·ч)'!C7:I7),"") -> 0.95016976
A8: 46266 | B8: 3 | C8: 342.56165 | D8: 304.76358 | E8: 11.897789 | F8: 776.4475 | G8: 1246.1266 | H8: 674.0858 | J8: =IF(AND(COUNT(C8:I8)=7,COUNT('Потребление (МВт·ч)'!C8:I8)=7,SUM('Потребление (МВт·ч)'!C8:I8)>0),SUMPRODUCT(C8:I8,'Потребление (МВт·ч)'!C8:I8)/SUM('Потребление (МВт·ч)'!C8:I8),"") | K8: =IF(SUMIF(C8:I8,"<>",'Потребление (МВт·ч)'!C8:I8)>0,SUMPRODUCT(C8:I8,'Потребление (МВт·ч)'!C8:I8)/SUMIF(C8:I8,"<>",'Потребление (МВт·ч)'!C8:I8),"") -> 646.6942 | L8: =IF(COUNT(C8:I8)>0,AVERAGE(C8:I8),"") -> 559.31382 | M8: =COUNT(C8:I8) -> 6 | N8: =IF(AND(COUNT('Потребление (МВт·ч)'!C8:I8)=7,SUM('Потребление (МВт·ч)'!C8:I8)>0),SUMIF(C8:I8,"<>",'Потребление (МВт·ч)'!C8:I8)/SUM('Потребление (МВт·ч)'!C8:I8),"") -> 0.95018296
A9: 46266 | B9: 4 | C9: 342.2957 | D9: 316.85586 | E9: 46.162964 | F9: 819.436 | G9: 1293.6516 | H9: 623.0931 | J9: =IF(AND(COUNT(C9:I9)=7,COUNT('Потребление (МВт·ч)'!C9:I9)=7,SUM('Потребление (МВт·ч)'!C9:I9)>0),SUMPRODUCT(C9:I9,'Потребление (МВт·ч)'!C9:I9)/SUM('Потребление (МВт·ч)'!C9:I9),"") | K9: =IF(SUMIF(C9:I9,"<>",'Потребление (МВт·ч)'!C9:I9)>0,SUMPRODUCT(C9:I9,'Потребление (МВт·ч)'!C9:I9)/SUMIF(C9:I9,"<>",'Потребление (МВт·ч)'!C9:I9),"") -> 662.23084 | L9: =IF(COUNT(C9:I9)>0,AVERAGE(C9:I9),"") -> 573.58254 | M9: =COUNT(C9:I9) -> 6 | N9: =IF(AND(COUNT('Потребление (МВт·ч)'!C9:I9)=7,SUM('Потребление (МВт·ч)'!C9:I9)>0),SUMIF(C9:I9,"<>",'Потребление (МВт·ч)'!C9:I9)/SUM('Потребление (МВт·ч)'!C9:I9),"") -> 0.95184816
A10: 46266 | B10: 5 | C10: 746.79645 | D10: 1327.1294 | E10: 1217.4694 | F10: 1541.1682 | G10: 1679.3984 | H10: 840.8469 | J10: =IF(AND(COUNT(C10:I10)=7,COUNT('Потребление (МВт·ч)'!C10:I10)=7,SUM('Потребление (МВт·ч)'!C10:I10)>0),SUMPRODUCT(C10:I10,'Потребление (МВт·ч)'!C10:I10)/SUM('Потребление (МВт·ч)'!C10:I10),"") | K10: =IF(SUMIF(C10:I10,"<>",'Потребление (МВт·ч)'!C10:I10)>0,SUMPRODUCT(C10:I10,'Потребление (МВт·ч)'!C10:I10)/SUMIF(C10:I10,"<>",'Потребление (МВт·ч)'!C10:I10),"") -> 1265.1898 | L10: =IF(COUNT(C10:I10)>0,AVERAGE(C10:I10),"") -> 1225.4681 | M10: =COUNT(C10:I10) -> 6 | N10: =IF(AND(COUNT('Потребление (МВт·ч)'!C10:I10)=7,SUM('Потребление (МВт·ч)'!C10:I10)>0),SUMIF(C10:I10,"<>",'Потребление (МВт·ч)'!C10:I10)/SUM('Потребление (МВт·ч)'!C10:I10),"") -> 0.95268074
A11: 46266 | B11: 6 | C11: 1827.6008 | D11: 1916.1985 | E11: 1651.8114 | F11: 2039.0784 | G11: 2270.8608 | H11: 1098.9012 | J11: =IF(AND(COUNT(C11:I11)=7,COUNT('Потребление (МВт·ч)'!C11:I11)=7,SUM('Потребление (МВт·ч)'!C11:I11)>0),SUMPRODUCT(C11:I11,'Потребление (МВт·ч)'!C11:I11)/SUM('Потребление (МВт·ч)'!C11:I11),"") | K11: =IF(SUMIF(C11:I11,"<>",'Потребление (МВт·ч)'!C11:I11)>0,SUMPRODUCT(C11:I11,'Потребление (МВт·ч)'!C11:I11)/SUMIF(C11:I11,"<>",'Потребление (МВт·ч)'!C11:I11),"") -> 1805.5934 | L11: =IF(COUNT(C11:I11)>0,AVERAGE(C11:I11),"") -> 1800.7419 | M11: =COUNT(C11:I11) -> 6 | N11: =IF(AND(COUNT('Потребление (МВт·ч)'!C11:I11)=7,SUM('Потребление (МВт·ч)'!C11:I11)>0),SUMIF(C11:I11,"<>",'Потребление (МВт·ч)'!C11:I11)/SUM('Потребление (МВт·ч)'!C11:I11),"") -> 0.95462905
A12: 46266 | B12: 7 | C12: 2273.4177 | D12: 2549.321 | E12: 835.749 | F12: 2337.8137 | G12: 2357.5442 | H12: 1141.8026 | J12: =IF(AND(COUNT(C12:I12)=7,COUNT('Потребление (МВт·ч)'!C12:I12)=7,SUM('Потребление (МВт·ч)'!C12:I12)>0),SUMPRODUCT(C12:I12,'Потребление (МВт·ч)'!C12:I12)/SUM('Потребление (МВт·ч)'!C12:I12),"") | K12: =IF(SUMIF(C12:I12,"<>",'Потребление (МВт·ч)'!C12:I12)>0,SUMPRODUCT(C12:I12,'Потребление (МВт·ч)'!C12:I12)/SUMIF(C12:I12,"<>",'Потребление (МВт·ч)'!C12:I12),"") -> 1980.5735 | L12: =IF(COUNT(C12:I12)>0,AVERAGE(C12:I12),"") -> 1915.9414 | M12: =COUNT(C12:I12) -> 6 | N12: =IF(AND(COUNT('Потребление (МВт·ч)'!C12:I12)=7,SUM('Потребление (МВт·ч)'!C12:I12)>0),SUMIF(C12:I12,"<>",'Потребление (МВт·ч)'!C12:I12)/SUM('Потребление (МВт·ч)'!C12:I12),"") -> 0.956826
A13: 46266 | B13: 8 | C13: 2485.3928 | D13: 2864.088 | E13: 2180.175 | F13: 2579.0635 | G13: 2551.7214 | H13: 1368.8467 | J13: =IF(AND(COUNT(C13:I13)=7,COUNT('Потребление (МВт·ч)'!C13:I13)=7,SUM('Потребление (МВт·ч)'!C13:I13)>0),SUMPRODUCT(C13:I13,'Потребление (МВт·ч)'!C13:I13)/SUM('Потребление (МВт·ч)'!C13:I13),"") | K13: =IF(SUMIF(C13:I13,"<>",'Потребление (МВт·ч)'!C13:I13)>0,SUMPRODUCT(C13:I13,'Потребление (МВт·ч)'!C13:I13)/SUMIF(C13:I13,"<>",'Потребление (МВт·ч)'!C13:I13),"") -> 2341.6709 | L13: =IF(COUNT(C13:I13)>0,AVERAGE(C13:I13),"") -> 2338.2146 | M13: =COUNT(C13:I13) -> 6 | N13: =IF(AND(COUNT('Потребление (МВт·ч)'!C13:I13)=7,SUM('Потребление (МВт·ч)'!C13:I13)>0),SUMIF(C13:I13,"<>",'Потребление (МВт·ч)'!C13:I13)/SUM('Потребление (МВт·ч)'!C13:I13),"") -> 0.95821385
A14: 46266 | B14: 9 | C14: 2532.78 | D14: 2968.1091 | E14: 3117.0369 | F14: 2684.2512 | G14: 2630.157 | H14: 1349.4172 | J14: =IF(AND(COUNT(C14:I14)=7,COUNT('Потребление (МВт·ч)'!C14:I14)=7,SUM('Потребление (МВт·ч)'!C14:I14)>0),SUMPRODUCT(C14:I14,'Потребление (МВт·ч)'!C14:I14)/SUM('Потребление (МВт·ч)'!C14:I14),"") | K14: =IF(SUMIF(C14:I14,"<>",'Потребление (МВт·ч)'!C14:I14)>0,SUMPRODUCT(C14:I14,'Потребление (МВт·ч)'!C14:I14)/SUMIF(C14:I14,"<>",'Потребление (МВт·ч)'!C14:I14),"") -> 2501.5488 | L14: =IF(COUNT(C14:I14)>0,AVERAGE(C14:I14),"") -> 2546.9586 | M14: =COUNT(C14:I14) -> 6 | N14: =IF(AND(COUNT('Потребление (МВт·ч)'!C14:I14)=7,SUM('Потребление (МВт·ч)'!C14:I14)>0),SUMIF(C14:I14,"<>",'Потребление (МВт·ч)'!C14:I14)/SUM('Потребление (МВт·ч)'!C14:I14),"") -> 0.95885068
A15: 46266 | B15: 10 | C15: 2411.0496 | D15: 2833.084 | E15: 2177.8052 | F15: 2534.535 | G15: 2489.0718 | H15: 1240.7797 | J15: =IF(AND(COUNT(C15:I15)=7,COUNT('Потребление (МВт·ч)'!C15:I15)=7,SUM('Потребление (МВт·ч)'!C15:I15)>0),SUMPRODUCT(C15:I15,'Потребление (МВт·ч)'!C15:I15)/SUM('Потребление (МВт·ч)'!C15:I15),"") | K15: =IF(SUMIF(C15:I15,"<>",'Потребление (МВт·ч)'!C15:I15)>0,SUMPRODUCT(C15:I15,'Потребление (МВт·ч)'!C15:I15)/SUMIF(C15:I15,"<>",'Потребление (МВт·ч)'!C15:I15),"") -> 2282.8297 | L15: =IF(COUNT(C15:I15)>0,AVERAGE(C15:I15),"") -> 2281.0542 | M15: =COUNT(C15:I15) -> 6 | N15: =IF(AND(COUNT('Потребление (МВт·ч)'!C15:I15)=7,SUM('Потребление (МВт·ч)'!C15:I15)>0),SUMIF(C15:I15,"<>",'Потребление (МВт·ч)'!C15:I15)/SUM('Потребление (МВт·ч)'!C15:I15),"") -> 0.95865111
A16: 46266 | B16: 11 | C16: 1829.9043 | D16: 2688.8774 | E16: 2183.3186 | F16: 2430.9458 | G16: 2377.0273 | H16: 1058.9486 | J16: =IF(AND(COUNT(C16:I16)=7,COUNT('Потребление (МВт·ч)'!C16:I16)=7,SUM('Потребление (МВт·ч)'!C16:I16)>0),SUMPRODUCT(C16:I16,'Потребление (МВт·ч)'!C16:I16)/SUM('Потребление (МВт·ч)'!C16:I16),"") | K16: =IF(SUMIF(C16:I16,"<>",'Потребление (МВт·ч)'!C16:I16)>0,SUMPRODUCT(C16:I16,'Потребление (МВт·ч)'!C16:I16)/SUMIF(C16:I16,"<>",'Потребление (МВт·ч)'!C16:I16),"") -> 2124.2153 | L16: =IF(COUNT(C16:I16)>0,AVERAGE(C16:I16),"") -> 2094.837 | M16: =COUNT(C16:I16) -> 6 | N16: =IF(AND(COUNT('Потребление (МВт·ч)'!C16:I16)=7,SUM('Потребление (МВт·ч)'!C16:I16)>0),SUMIF(C16:I16,"<>",'Потребление (МВт·ч)'!C16:I16)/SUM('Потребление (МВт·ч)'!C16:I16),"") -> 0.95780969
... A724: 46295 | B724: 23 | C724: 1797.9165 | D724: 2074.0996 | E724: 2081.7805 | F724: 1977.2173 | G724: 1597.2985 | H724: 822.1985 | J724: =IF(AND(COUNT(C724:I724)=7,COUNT('Потребление (МВт·ч)'!C724:I724)=7,SUM('Потребление (МВт·ч)'!C724:I724)>0),SUMPRODUCT(C724:I724,'Потребление (МВт·ч)'!C724:I724)/SUM('Потребление (МВт·ч)'!C724:I724),"") | K724: =IF(SUMIF(C724:I724,"<>",'Потребление (МВт·ч)'!C724:I724)>0,SUMPRODUCT(C724:I724,'Потребление (МВт·ч)'!C724:I724)/SUMIF(C724:I724,"<>",'Потребление (МВт·ч)'!C724:I724),"") -> 1648.6578 | L724: =IF(COUNT(C724:I724)>0,AVERAGE(C724:I724),"") -> 1725.0851 | M724: =COUNT(C724:I724) -> 6 | N724: =IF(AND(COUNT('Потребление (МВт·ч)'!C724:I724)=7,SUM('Потребление (МВт·ч)'!C724:I724)>0),SUMIF(C724:I724,"<>",'Потребление (МВт·ч)'!C724:I724)/SUM('Потребление (МВт·ч)'!C724:I724),"") -> 0.95313904
A725: Среднее за месяц | C725: =IF(AND(COUNT(C5:C724)=720,COUNT('Потребление (МВт·ч)'!C5:C724)=720,SUM('Потребление (МВт·ч)'!C5:C724)>0),SUMPRODUCT(C5:C724,'Потребление (МВт·ч)'!C5:C724)/SUM('Потребление (МВт·ч)'!C5:C724),"") -> 1857.0714 | D725: =IF(AND(COUNT(D5:D724)=720,COUNT('Потребление (МВт·ч)'!D5:D724)=720,SUM('Потребление (МВт·ч)'!D5:D724)>0),SUMPRODUCT(D5:D724,'Потребление (МВт·ч)'!D5:D724)/SUM('Потребление (МВт·ч)'!D5:D724),"") -> 2480.7138 | E725: =IF(AND(COUNT(E5:E724)=720,COUNT('Потребление (МВт·ч)'!E5:E724)=720,SUM('Потребление (МВт·ч)'!E5:E724)>0),SUMPRODUCT(E5:E724,'Потребление (МВт·ч)'!E5:E724)/SUM('Потребление (МВт·ч)'!E5:E724),"") -> 2337.1343 | F725: =IF(AND(COUNT(F5:F724)=720,COUNT('Потребление (МВт·ч)'!F5:F724)=720,SUM('Потребление (МВт·ч)'!F5:F724)>0),SUMPRODUCT(F5:F724,'Потребление (МВт·ч)'!F5:F724)/SUM('Потребление (МВт·ч)'!F5:F724),"") -> 2403.4477 | G725: =IF(AND(COUNT(G5:G724)=720,COUNT('Потребление (МВт·ч)'!G5:G724)=720,SUM('Потребление (МВт·ч)'!G5:G724)>0),SUMPRODUCT(G5:G724,'Потребление (МВт·ч)'!G5:G724)/SUM('Потребление (МВт·ч)'!G5:G724),"") -> 2042.7939 | H725: =IF(AND(COUNT(H5:H724)=720,COUNT('Потребление (МВт·ч)'!H5:H724)=720,SUM('Потребление (МВт·ч)'!H5:H724)>0),SUMPRODUCT(H5:H724,'Потребление (МВт·ч)'!H5:H724)/SUM('Потребление (МВт·ч)'!H5:H724),"") -> 1282.4177 | I725: =IF(AND(COUNT(I5:I724)=720,COUNT('Потребление (МВт·ч)'!I5:I724)=720,SUM('Потребление (МВт·ч)'!I5:I724)>0),SUMPRODUCT(I5:I724,'Потребление (МВт·ч)'!I5:I724)/SUM('Потребление (МВт·ч)'!I5:I724),"") | J725: =IF(AND(COUNT(C5:I724)=5040,COUNT('Потребление (МВт·ч)'!C5:I724)=5040,SUM('Потребление (МВт·ч)'!C5:I724)>0),SUMPRODUCT(C5:I724,'Потребление (МВт·ч)'!C5:I724)/SUM('Потребление (МВт·ч)'!C5:I724),"") | K725: =IF(SUMIF(C5:I724,"<>",'Потребление (МВт·ч)'!C5:I724)>0,SUMPRODUCT(C5:I724,'Потребление (МВт·ч)'!C5:I724)/SUMIF(C5:I724,"<>",'Потребление (МВт·ч)'!C5:I724),"") -> 2038.0776 | L725: =IF(COUNT(C5:I724)>0,AVERAGE(C5:I724),"") -> 2028.9586 | M725: =COUNT(C5:I724) -> 4320 | N725: =IF(AND(COUNT('Потребление (МВт·ч)'!C5:I724)=5040,SUM('Потребление (МВт·ч)'!C5:I724)>0),SUMIF(C5:I724,"<>",'Потребление (МВт·ч)'!C5:I724)/SUM('Потребление (МВт·ч)'!C5:I724),"") -> 0.95710998
